batch,cell_id,cycle_life,charging_policy,policy_parsed,early_qd_excluded,first_C,switch_SOC,second_C,QD_mean,QD_std,QD_slope,QD_change_10_100,IR_mean,IR_std,IR_slope,IR_change_10_100,Tavg_mean,Tavg_std,Tavg_slope,Tavg_change_10_100,chargetime_mean,chargetime_std,chargetime_slope,chargetime_change_10_100,temp_range_mean,dq_mean,dq_min,dq_variance,dq_area_abs
Batch1,0,1190.0,3.6C(80%)-3.6C,True,1,3.6,80.0,3.6,1.0759184336734693,0.0012057353455437918,1.691964207901468e-05,0.0013636499999998275,0.01661978173469388,4.866575356524554e-05,5.233240498405074e-07,0.00010576300000000177,31.61722863390495,0.1658771967960011,-0.0018721442495346415,-0.32735051243824387,13.384668843537398,0.04261049063112907,-0.00010286452281854567,-0.08354416666655418,6.029504918367347,0.01796268930351414,-0.9959914241893165,0.11668213977686216,0.34200884013476446
Batch1,1,1179.0,3.6C(80%)-3.6C,True,0,3.6,80.0,3.6,1.0812468797979797,0.0011909795450513007,5.535292516999699e-06,0.0008983000000000185,0.016750843414141414,0.0017014830140608974,9.00848801484234e-06,0.0001010359999999988,31.33031430692745,0.19339092438669828,-0.003096363028885098,-0.4620333572016939,13.374696464646446,0.041490605715023735,-0.0004598014223878107,-0.08424833333368298,4.599150737373737,0.003407886327960723,-1.0393040513827976,0.14153816457368812,0.38433088966240214
Batch1,2,1177.0,3.6C(80%)-3.6C,True,0,3.6,80.0,3.6,1.0853711969696969,0.0010255172720119404,1.0295625231906745e-05,0.0012305999999999706,0.01659959497979798,0.0016863731760896803,9.229667458256058e-06,0.0001318280000000005,31.47958411321121,0.20349689032414997,-0.003093770124428056,-0.46423864905836254,13.378886329966337,0.04215735506473223,-5.114603174496455e-05,0.00034666666688210057,4.903885111111111,0.004100051904154398,-1.0626626772580139,0.11507712176071526,0.32271267784136826
Batch1,3,1226.0,4C(80%)-4C,True,0,4.0,80.0,4.0,1.0849489696969699,0.0010963475152406647,1.7136347557209165e-05,0.0006222000000000172,0.01614615604040404,0.0016403715176589269,8.689379270253483e-06,0.00018041499999999974,29.942198807956427,0.23836222963443554,-0.002254112710416489,-0.4681281549950391,12.053277171717166,0.04229336671657676,-0.0001245850340128646,-0.08402833333299675,1.276621363636364,0.00026102817944680633,-1.0219550263830055,0.1368136879556506,0.3777460616504026
Batch1,4,1227.0,4C(80%)-4C,True,0,4.0,80.0,4.0,1.082843531313131,0.001095028753107385,1.8994317872609844e-05,0.0009129999999999416,0.01650051357575757,0.0016765852934398408,8.31220397031535e-06,9.97800000000007e-05,31.44888383416564,0.278951346502791,-0.0004871836229025193,-0.30210198907031227,12.053313636363642,0.042290664998946834,0.00010934792826277786,-0.08414166666649692,4.894540585858586,-0.0024675104605267712,-1.0514703228704245,0.13609925450084986,0.3552944347658156
Batch1,5,1074.0,4.4C(80%)-4.4C,True,0,4.4,80.0,4.4,1.0803274434343435,0.0010474769149627693,1.1228400742114224e-05,-0.0003854000000000912,0.016270388575757577,9.448637333457257e-05,-1.8453287569578261e-07,6.849899999999964e-05,30.92149771366389,0.3691986678928377,0.0009423509569222833,-0.17820787571464436,15.07576803030309,40.991843185157535,-0.19171701043083803,7.666666679106982e-05,3.7776199393939396,0.0012856979989429944,-1.0336525688548466,0.12876908625559008,0.3570518078271403
Batch1,6,636.0,4.8C(80%)-4.8C,True,0,4.8,80.0,4.8,1.0809117848484848,0.0011514053246823603,-4.808646876938924e-06,-0.0016936999999999092,0.016507268545454545,0.00167733874762005,6.7715181694494954e-06,-2.3811999999998057e-05,32.27384521945563,0.16260252465586386,-0.0010014394109000677,-0.31046711811426064,10.04485760942758,0.04386117648401003,-0.00027192857142932975,0.00011999999915168758,6.044904222222221,-0.017658496978586166,-1.0292061222107662,0.14560937325977635,0.3939162679525944
Batch1,7,870.0,4.8C(80%)-4.8C,True,0,4.8,80.0,4.8,1.0969264323232324,0.0008160083405221343,-6.42818800247794e-06,-0.0017128000000001808,0.016050141454545454,0.001630078519913446,8.39748184291892e-06,9.805299999999725e-05,31.990084509217034,0.14985313884321683,-0.0004777659306105842,-0.2126212295165928,10.044094528619514,0.041876731110552554,-0.00021918115852478576,-0.0839800000002775,5.742631181818182,-0.021133316561924104,-1.0641840907138618,0.14897114579499685,0.4005389816441345
Batch1,8,879.0,5.4C(40%)-3.6C,True,0,5.4,40.0,3.6,1.0947719373737375,0.0008728084188628772,5.429254174400251e-06,3.4400000000101016e-05,0.016711705707070708,6.242931213932121e-05,1.3837452813852594e-06,0.00013853799999999708,32.076506270161325,0.14188113056579413,0.00016473449050301503,0.006835665213550612,11.24361163299663,0.04152927768848004,0.00010594939187947345,-0.08280833333277116,4.1349700202020205,-0.012485239864406522,-1.054285884576298,0.14909154865566784,0.39191997679415586
Batch1,9,1054.0,5.4C(40%)-3.6C,True,0,5.4,40.0,3.6,1.0876998484848484,0.0009772024093552619,1.8204385899806905e-05,0.0010399000000000935,0.01683536523232323,6.66512456127502e-05,9.212573654916149e-07,9.616100000000086e-05,32.64153361126789,0.16860234140324032,0.0008416797575471224,0.07936316661328391,11.241857609427619,0.04105219255899721,0.00026083386930655185,-0.0826983333328819,5.708673353535354,-0.006466408034185418,-1.0579631159555805,0.14712332271591397,0.39491089401923707
Batch1,10,906.0,5.4C(50%)-3C,True,0,5.4,50.0,3.0,1.0817046181818184,0.001579220410833336,2.529188002473426e-05,0.0021634000000001485,0.016396655616161614,0.0016660243488546762,9.593276784168201e-06,0.00020865200000000014,33.208150668462316,0.18462080921730648,-0.0006331939790552819,-0.3037733166707284,11.688040235690274,0.041529196810841426,-0.0001607463615737054,0.08268166666615251,6.574860727272727,0.010219978209621935,-1.0396329798967612,0.13253594479001277,0.36988507548085275
Batch1,11,788.0,5.4C(50%)-3C,True,0,5.4,50.0,3.0,1.060083885858586,0.0014342920160654257,2.1809402597400947e-05,0.0018716000000000843,0.01603708411111111,0.0016318292665622404,7.550505739022917e-06,7.857199999999898e-05,32.75932260623101,0.21474282746162893,-0.00047382693352640467,-0.2898823068248717,11.684114427609464,0.04071130515832399,0.00022034982477864702,0.08318833333317599,6.081996757575757,-0.011322808445966321,-1.0184543876871226,0.1529443428803155,0.4070851052915612
Batch1,12,902.0,5.4C(50%)-3.6C,True,0,5.4,50.0,3.6,1.082155223232323,0.0008676591348281112,1.2573115646260144e-05,0.0008369999999999767,0.01643905623232323,5.4880352616792105e-05,8.569435992577856e-07,0.00010793700000000239,33.4580219141428,0.19450414547330633,0.0013373515293632668,0.09945553554936026,10.68385405723906,0.04052066023040222,-5.904893836299196e-05,-0.08301999999906329,7.055272696969697,-0.003355390219817959,-1.041593398612269,0.1424640633158533,0.38403897293090555
Batch1,13,897.0,5.4C(50%)-3.6C,True,0,5.4,50.0,3.6,1.0842732373737374,0.0008261310229366408,4.458676561536227e-06,2.269999999993111e-05,0.01703655094949495,7.799949017263714e-05,1.0355082498453988e-06,0.00010814500000000046,32.09216634315908,0.2683114197436291,0.0010452261677626955,0.058523384714604276,10.685353013468022,0.04087637834234377,-0.0001507945578230562,8.833333352775696e-05,4.65943997979798,0.0011587135532277362,-0.9826280652898163,0.15642843992699496,0.41335604013745864
Batch1,14,880.0,5.4C(60%)-3C,True,0,5.4,60.0,3.0,1.0761029171717171,0.0012270028331920458,2.6234124922698223e-05,0.0010289999999999466,0.016975001838383838,0.00016377523926777992,-7.309511441002062e-09,0.0001113389999999985,33.07746279993842,0.2771522762845352,-3.183437471254787e-05,-0.20134458907602948,14.925935387205387,41.105550437712076,-0.1918702477839616,0.08312333333311983,6.549914313131313,-0.028709844493209995,-0.9945329087035907,0.152836909790804,0.4061317040339723
Batch1,15,719.0,5.4C(60%)-3C,True,0,5.4,60.0,3.0,1.0676568858585858,0.00140079990792507,2.904936054421284e-05,0.001163200000000142,0.016839986434343434,0.0001772071830888031,5.750906988249339e-07,0.00018135299999999868,33.147720104395674,0.3265037653790929,0.0022039629607717268,-0.09228283471009746,14.92770846801342,41.11388030193388,-0.19229831459493002,-0.08297666666682524,7.101885414141415,-0.03172186535245393,-1.015330655664677,0.11853845365953747,0.34146001461373926
Batch1,16,862.0,5.4C(60%)-3.6C,True,0,5.4,60.0,3.6,1.0864695565656566,0.0012032831895770354,2.3160274582555584e-05,0.000593899999999925,0.016528862282828287,0.0016806319788576923,8.855105652442733e-06,0.00015392300000000025,32.41716254671688,0.3760861192544488,0.0028603764372183444,-0.033471440740605374,10.12547436026938,0.0398003128746187,-9.454957745388913e-07,0.0003350000000263975,6.011683636363636,0.029638703047908305,-1.0509427601670323,0.12333285929259251,0.3469815629236408
Batch1,17,857.0,5.4C(60%)-3.6C,True,0,5.4,60.0,3.6,1.0771062363636363,0.0010541182453571362,1.7886231292523448e-05,0.0013959999999999528,0.016676227535353534,0.0001060814931002281,1.529045318491073e-06,0.00016647599999999874,32.088753858534446,0.4150848258371003,0.0019483041379484201,0.1340311696446257,10.13811205387206,0.04178964196492352,0.00020527575757588626,0.08324000000011544,5.922690464646465,-0.007213186860094884,-1.0348064182095282,0.16682386460433293,0.42997512863623566
Batch1,18,691.0,5.4C(70%)-3C,True,1,5.4,70.0,3.0,1.068100106122449,0.0017050418772144268,-4.754075940036315e-05,-0.0046631999999999785,0.017985556683673472,0.001990046310478613,-5.9750661637039016e-05,-0.003984410000000001,31.84196934749498,0.6302342881163798,0.015159409228003422,1.0786096157418719,9.925625051020413,0.0411328355967533,-9.810082728319156e-05,-0.0833683333337838,5.48843525510204,-0.05168412683248468,-1.042780832841729,0.1488847594769615,0.4029139811216817
Batch1,19,788.0,5.4C(70%)-3C,True,0,5.4,70.0,3.0,1.0883684717171715,0.0007718216160143594,-1.0355845392700724e-05,-0.0013217999999999286,0.01632486908080808,4.448867431928355e-05,8.96464860853479e-07,0.00010971300000000087,33.044085397077396,0.14781132368475955,0.0015708294315789227,0.12613558654621215,9.930255336700304,0.0394706104685032,0.00022940954442267713,-1.1666666370757639e-05,6.7099044545454545,-0.037130686213754815,-0.99188380133315,0.1350601146887238,0.38145633202498763
Batch1,20,534.0,5.4C(80%)-5.4C,True,0,5.4,80.0,5.4,1.0698410858585858,0.004184410419543684,-0.00013977618181817777,-0.013929700000000045,0.01505672603030303,0.0015337037521056896,3.818678849721531e-06,-0.00019924800000000083,32.15292201754506,0.1648237263291412,-0.0011897298219278526,-0.28544593992091905,9.027207626262616,0.040998403806613376,0.00025858674500071075,0.030573333333206776,4.967575141414142,-0.03202553103864952,-1.0468047303100112,0.13994518228705494,0.3831819477039582
Batch1,21,559.0,5.4C(80%)-5.4C,True,0,5.4,80.0,5.4,1.082226497979798,0.0026137864433469775,-8.178444155844591e-05,-0.008752300000000046,0.014937809606060608,0.0015188004787919272,7.496890327767531e-06,7.831600000000015e-05,33.13697371135653,0.16882296282525802,-0.0026169904643193924,-0.37489876937440414,8.987271380471347,0.0619947217502286,0.001310603092145576,0.018201666666634253,6.698940363636364,-0.014572036666880084,-1.0591234710618012,0.14872592097316703,0.4031959807679985
Batch1,22,891.0,6C(30%)-3.6C,True,0,6.0,30.0,3.6,1.082979815151515,0.0007437449096877575,-6.75583426098541e-06,-0.000905099999999992,0.0165919733030303,8.375412013422524e-05,1.2118029189856922e-06,0.00011442400000000186,32.84391283877385,0.2788279704300757,0.0014877664100560752,0.12733735834327575,11.46291215488218,0.04085025378584504,0.0004236679241402026,0.08313499999973395,6.601235464646465,0.0009650775439975545,-1.0533063977178665,0.13505835505342637,0.3648117108603529
Batch1,23,1014.0,6C(30%)-3.6C,True,0,6.0,30.0,3.6,1.0824610575757576,0.00064132569857382,-6.950910327772603e-06,-0.0009325000000000028,0.016824002585858585,8.693802228188712e-05,1.389480457637566e-06,0.00012694499999999984,31.99077454717494,0.29898691959165946,0.001412111597273194,0.12598100033421034,11.458691784511789,0.03970213109524072,0.00013571311069881067,-0.08237999999934509,5.063340313131314,-0.012450326009676417,-1.0478016278001352,0.13018483708813441,0.35813470564999833
Batch1,24,1017.0,6C(40%)-3C,True,0,6.0,40.0,3.0,1.0780331868686868,0.0007172188557690706,2.024258503403737e-06,-7.259999999997824e-05,0.016587448888888887,6.660552611486926e-05,1.5595947186147017e-06,0.0001476269999999974,33.378063951824195,0.15294544699972382,0.0014368343732451888,0.10086998280176829,12.128487205387225,0.04038753909514356,-0.00024090744176369502,-0.0822749999996315,6.367219929292929,-0.0010220908363745974,-1.042346288472533,0.17343370440571676,0.44168228357921346
Batch1,25,854.0,6C(40%)-3C,True,0,6.0,40.0,3.0,1.078847887878788,0.0007311050081300092,5.12931354361571e-07,-0.00021899999999996922,0.0165961417979798,6.445863353693237e-05,1.3856464687692735e-06,0.00013201900000000058,33.848557073949294,0.15810958881916193,0.0011354072447955158,0.0773017762109589,12.137498080808081,0.04187385029749038,-0.00020288505462821434,-0.082851666666647,7.410667747474746,0.0035691311576276797,-1.0585965122906644,0.14121914985120979,0.3768465423263903
Batch1,26,870.0,6C(40%)-3.6C,True,0,6.0,40.0,3.6,1.0905742878787879,0.0008664365793143937,-1.521046134818085e-05,-0.0015983999999999998,0.016285491838383837,6.390806061352322e-05,1.6321409894866689e-06,0.0001528669999999975,33.15641406115227,0.15128461998627735,0.001791644790262777,0.10805835686363707,10.800664208754247,0.04210547965081796,-4.355984333054265e-05,-0.0005733333334010382,6.025764070707071,-0.011132804740090346,-1.0475414675386059,0.16742118481329057,0.42995403263353005
Batch1,27,842.0,6C(40%)-3.6C,True,0,6.0,40.0,3.6,1.0820360393939392,0.0007546205717510306,-1.0758799010519626e-05,-0.0012018000000000306,0.01609890666666667,6.684336094274776e-05,1.8507288682745969e-06,0.000166628000000002,33.89497000372245,0.15378586641449746,0.001926436962100633,0.1344969920707868,10.803712340067367,0.041887635414503355,-0.00023735621521358877,-0.0003483333336280481,6.781285515151515,0.0001444522023431074,-1.0498129368701037,0.1511154782747259,0.3971440094893316
Batch1,28,860.0,6C(50%)-3C,True,0,6.0,50.0,3.0,1.0806956292929293,0.0005808473697885737,-7.726680272115018e-06,-0.0012115999999999794,0.01668003754545454,7.820330518033147e-05,2.073844860853461e-06,0.00020479600000000014,33.773800525042,0.18464527709028827,0.0021357581604555817,0.15300063816702902,11.138253585858592,0.04184943449414996,0.0001551274582559289,0.0830283333331554,6.862512424242424,-0.026126655275214263,-1.0306857699473286,0.15369729280454403,0.4075056137229664
Batch1,29,917.0,6C(50%)-3C,True,0,6.0,50.0,3.0,1.0827828212121215,0.0006456219175832134,-5.212719851575346e-06,-0.0008904999999999053,0.016545523626262625,7.677050104955476e-05,1.8976728633271178e-06,0.00017101400000000058,32.70415601771739,0.19861272637141353,0.0016260999018610145,0.1112680621327371,11.151875336700314,0.04132466874770843,0.00010366033807425194,2.8333333345287315e-05,4.968329565656566,-0.01626969398980117,-1.0601176522278897,0.14832913403601536,0.39633439414007854
Batch1,30,709.0,6C(50%)-3.6C,True,0,6.0,50.0,3.6,1.0828237171717172,0.0008262149778357217,-1.6368218923929572e-05,-0.0018574999999998454,0.01600942625252525,6.761178454028038e-05,1.8543058256030244e-06,0.0001727689999999997,33.54008830692456,0.16750947069797165,0.00201464718297965,0.18043799574010677,10.124524292929316,0.03950818464895634,-0.00027894737167515304,0.00021999999965593986,6.146006252525252,-0.03483635843601332,-1.0627537287235937,0.14891230625958543,0.39432262743294016
Batch1,31,876.0,6C(50%)-3.6C,True,0,6.0,50.0,3.6,1.097068405050505,0.0009821231393733817,-2.62010822510796e-05,-0.002660100000000165,0.016865566141414143,5.932845832502889e-05,1.378544131106959e-06,0.00012489199999999798,30.375396745150564,0.19053759086107316,9.084660380662496e-05,0.003371746379770002,10.126957558922545,0.04026559820455113,2.811958359024482e-05,-0.00026833333407338955,0.7000855151515153,-0.014182254635695358,-1.0547673607638683,0.1369640421059789,0.3745816196460958
Batch1,32,731.0,6C(60%)-3C,True,0,6.0,60.0,3.0,1.0806714494949494,0.0007058238630044114,-1.2776272108848686e-05,-0.0015710999999998254,0.016167064252525253,7.648752029957861e-05,1.8989050092765184e-06,0.00016935200000000109,33.08050304573434,0.21869223053761905,0.00162110021859081,0.11095778875154139,10.129902676767715,0.04109708120403716,-8.252716965442975e-05,0.00012000000012157841,5.8582329999999985,-0.03135595013222998,-1.0439220605698833,0.1322482268010041,0.3626428194546283
Batch1,33,757.0,6C(60%)-3C,True,0,6.0,60.0,3.0,1.0954916464646465,0.0009462319167455618,-2.1812165739027016e-05,-0.00233289999999986,0.016483775656565655,6.88292793221264e-05,1.152177823129343e-06,0.0001246350000000014,33.67169761442224,0.2588372219475264,0.0029272580125319432,0.18757481365970818,10.129993047138067,0.04108792966314634,0.00017080603999236653,-0.00015166666635302306,7.366154545454546,-0.03826704275625162,-1.0600202957617264,0.12946960536773033,0.3600343100732844
Batch1,34,742.0,7C(30%)-3.6C,True,0,7.0,30.0,3.6,1.0800699888888887,0.0007272870882621551,-3.129647495333547e-07,-0.00030200000000002447,0.01685519708080808,7.809430687103169e-05,1.4302222387136952e-06,0.00014235100000000236,32.66455167507311,0.2597017244641151,0.0026700491704147586,0.22277320537230594,11.035507962962974,0.0412827447836364,0.00023919880437131943,0.08310666666705835,6.0941950707070704,-0.007218940367795168,-1.0377156279875492,0.1206128639008648,0.3365188456291336
Batch1,35,703.0,7C(30%)-3.6C,True,0,7.0,30.0,3.6,1.0745076737373735,0.0007027143826541125,3.195320964752807e-06,-9.039999999993498e-05,0.016967092292929295,9.272438704902498e-05,2.0468191341992143e-06,0.000179486000000003,32.09733437854189,0.27464706897267055,0.0020724694900716503,0.13839477286453672,11.036444074074083,0.04142379225258245,-0.00016027777777709524,-0.0007216666663829585,5.064507161616161,-0.026280032407664734,-1.0476977995515242,0.13781009924333706,0.36819525499853983
Batch1,36,704.0,7C(40%)-3C,True,0,7.0,40.0,3.0,1.0812765595959595,0.0007104421735963635,-7.183043908475764e-06,-0.0012415999999999539,0.016437746262626264,8.584632457759216e-05,2.4261424366109324e-06,0.00021898000000000056,32.04688205693082,0.19381954111406316,0.0015588667339051841,0.06879727858379425,11.554803670033683,0.04019205956384219,9.833461142192554e-05,0.00034000000062661684,3.69252602020202,-0.003830542725522596,-1.0529222363245878,0.11633861383376408,0.3194083270253112
Batch1,37,648.0,7C(40%)-3C,True,0,7.0,40.0,3.0,1.0780300424242424,0.0007605825290446468,-9.680958565245865e-06,-0.0014384000000000619,0.01654642202020202,8.254495909935298e-05,2.155007705627657e-06,0.00019084799999999694,32.95969887229894,0.21907881818605546,0.0020901040559319637,0.1437426579683745,11.561455202020227,0.04161258835010473,-0.00011151422387050494,0.0005133333327336231,5.805415777777777,-0.006368763261460142,-1.037372412275242,0.14974494662363363,0.40295332653504656
Batch1,38,617.0,7C(40%)-3.6C,True,0,7.0,40.0,3.6,1.075801506060606,0.0006463898758454917,-9.43712430427038e-06,-0.0010953000000000213,0.01621205696969697,8.289505231025246e-05,2.4956121335805413e-06,0.0002293330000000017,33.69474656343401,0.16324777861615195,0.0034226778667893845,0.28066139454232086,10.23158840067342,0.04200410951707306,5.985840033044663e-05,0.08154666666705523,6.856695888888888,-0.016973418357633746,-1.0385842658244095,0.1423059487655103,0.38798926464806127
Batch1,39,625.0,7C(40%)-3.6C,True,0,7.0,40.0,3.6,1.085658998989899,0.0006974026916973628,-3.294477427340171e-06,-0.0007492000000000054,0.016691104555555555,8.849651199908691e-05,2.623256042053115e-06,0.00023357100000000186,33.50643317156701,0.1574792555288946,0.0027577067202921505,0.20431939715089698,10.242025976430945,0.04094703954988721,-6.033584827947824e-05,-0.0831433333331617,7.065298444444445,-0.012481212220133299,-0.9909855843918094,0.13785304412835916,0.3786732038011648
Batch1,40,966.0,8C(15%)-3.6C,True,0,8.0,15.0,3.6,1.0869299777777777,0.0007304158641508088,-8.20486332715938e-06,-0.001329099999999972,0.01667927321212121,7.342050328510565e-05,1.9379450340135345e-06,0.00020497599999999908,33.45968416375564,0.1403739600581318,0.001287985925721712,0.037356713260187746,12.087224326599337,0.04097986353238994,-0.00013605747268639247,0.0829883333330752,7.478368333333332,0.012251196403494717,-1.0571103477617014,0.15094219219254137,0.3907738963577334
Batch1,41,1051.0,8C(15%)-3.6C,True,0,8.0,15.0,3.6,1.082886786868687,0.0006614050883900506,-1.3855287570256206e-07,-0.0004950999999999706,0.016744890505050507,6.619902494478516e-05,1.5742043166356526e-06,0.00016369499999999843,33.07332253245542,0.15222062017207033,0.0012078858606857608,0.04628468166232125,12.091290892255918,0.04160339620867869,6.934961863577474e-05,0.0005066666658724017,6.582283767676769,0.0053795463385051985,-1.0540894390663205,0.13782514674937688,0.3715687600028406
Batch1,42,702.0,8C(25%)-3.6C,True,0,8.0,25.0,3.6,1.083889183838384,0.0006395508190474782,2.113598021033933e-06,-0.0004695000000001226,0.01671562283838384,9.158742610804195e-05,2.648428027210828e-06,0.00026488799999999785,33.58506724391689,0.18993653581209444,0.0028638610684102147,0.2214843674079816,11.178124326599383,0.04189530253412946,-2.248181818077062e-05,-0.08289499999979455,7.321102383838385,-0.01893577530115765,-1.0546461536681113,0.11167189289537893,0.30971649424332437
Batch1,43,651.0,8C(25%)-3.6C,True,0,8.0,25.0,3.6,1.070522194949495,0.0008917599141955492,-2.401481014224145e-05,-0.002517099999999939,0.016104855565656565,8.747934961279034e-05,2.60147837971548e-06,0.0002466929999999992,33.339782658681436,0.20079322892937945,0.0018271203827821439,0.11869353678489603,11.17782324915825,0.04190743631506683,0.0002615879200157786,0.00047666666638868094,6.5666380808080795,-0.010659763544490476,-1.0268394106437304,0.13686827906142288,0.3735293024492371
Batch1,44,616.0,8C(35%)-3.6C,True,0,8.0,35.0,3.6,1.0868420717171718,0.0011324582364728485,-3.3615460729745583e-05,-0.0034084999999999255,0.01741384996969697,0.00010530271784624184,2.926151341991355e-06,0.00026576799999999956,32.55333216968653,0.23341238988625543,0.0032443610134104232,0.2795056896269088,10.258049427609434,0.041609708554460355,-4.260676149317684e-05,0.0002566666660044348,5.8392638484848485,-0.02420510358175775,-1.0655105988658087,0.1252641374252804,0.3409161464581696
Batch1,45,599.0,8C(35%)-3.6C,True,0,8.0,35.0,3.6,1.0871594505050506,0.0007692257379954453,-1.2920053184917479e-05,-0.001569399999999943,0.016674251585858585,0.00010623569327102701,3.0135811750153332e-06,0.00028106399999999754,33.0005473910965,0.2647181852253822,0.004251037202135033,0.352126321149143,10.257274326599303,0.041532161216388475,4.576433724949928e-05,0.0006316666658676695,6.783880999999998,-0.03140062908078343,-1.0635654709453943,0.12455349631256804,0.3443323440023873
